student_id,age,grade_1,grade_2,grade_3,attendance_percentage,study_hours_per_week,midterm_exam_score,final_exam_score,pass
1,24,27,41,72,33,18,54,65,0
2,25,45,79,60,59,24,78,48,0
3,19,60,55,29,58,31,73,28,0
4,22,70,31,32,93,20,52,32,0
5,25,72,56,73,90,28,59,29,0
6,25,33,56,48,60,40,42,35,0
7,22,31,72,42,70,29,38,75,1
8,21,38,51,50,79,2,57,35,0
9,25,25,78,37,91,20,77,45,0
10,23,79,41,42,40,36,32,50,0
11,25,70,42,25,42,5,39,76,1
12,24,25,79,67,22,27,58,48,0
13,24,63,75,57,11,30,74,74,1
14,22,55,53,72,8,28,66,71,1
15,20,77,57,52,51,19,66,48,0
16,20,36,25,69,27,11,37,62,0
17,19,61,70,50,26,4,36,61,0
18,22,79,58,26,9,6,66,56,0
19,24,44,57,34,91,24,72,80,1
20,24,54,70,35,87,9,73,77,1
21,21,75,59,61,28,15,35,49,0
22,19,39,78,51,49,9,75,44,0
23,25,46,30,78,54,4,41,40,0
24,18,28,29,59,34,4,41,54,0
25,25,72,48,79,41,33,41,29,0
26,18,60,26,48,2,18,45,33,0
27,18,75,50,39,46,21,58,57,0
28,18,74,35,29,86,6,67,39,0
29,24,29,34,48,66,18,72,28,0
30,24,47,56,71,78,17,56,62,0
31,19,65,66,80,89,8,37,72,1
32,18,36,29,77,42,38,27,61,0
33,20,80,32,39,23,2,29,59,0
34,19,33,63,28,32,36,31,33,0
35,23,32,61,70,61,4,77,60,0
36,23,30,30,65,51,31,73,31,0
37,21,29,57,40,78,28,70,63,0
38,19,73,77,77,14,33,36,32,0
39,25,36,25,60,4,14,55,39,0
40,24,35,31,73,36,16,80,71,1
41,21,38,30,46,21,33,49,39,0
42,20,69,35,62,44,17,73,80,1
43,22,57,65,68,45,17,48,74,1
44,24,74,79,58,59,2,58,64,0
45,18,40,33,75,81,26,69,36,0
46,18,56,38,60,70,13,56,64,0
47,19,72,64,68,99,35,60,80,1
48,18,71,35,77,16,17,33,71,1
49,18,38,78,35,43,35,32,28,0
50,24,38,44,34,86,3,36,41,0
51,23,30,67,57,18,10,43,54,0
52,21,73,61,74,45,3,64,62,0
53,20,67,74,42,96,30,26,56,0
54,20,31,35,51,62,32,25,38,0
55,18,29,59,53,74,33,31,47,0
56,19,42,46,75,42,37,76,37,0
57,24,44,33,43,57,30,50,34,0
58,24,67,74,50,23,1,35,44,0
59,24,55,29,39,41,37,63,50,0
60,24,40,29,26,92,18,37,60,0
61,23,34,64,58,85,0,47,58,0
62,25,33,54,55,91,35,36,30,0
63,25,53,78,32,15,9,78,26,0
64,23,59,71,73,21,8,27,71,1
65,24,49,72,69,13,27,41,38,0
66,21,38,28,77,40,36,44,79,1
67,23,74,32,62,58,15,57,48,0
68,20,38,41,32,67,5,56,67,0
69,20,48,64,29,0,8,28,37,0
70,19,42,77,51,1,7,61,77,1
71,22,43,44,52,62,9,37,75,1
72,18,34,33,44,16,8,80,71,1
73,23,67,58,49,23,19,40,45,0
74,19,74,29,53,52,7,49,66,0
75,20,53,66,42,45,22,71,80,1
76,24,53,45,52,27,4,74,79,1
77,21,80,44,69,95,1,71,67,0
78,18,64,50,54,8,14,27,26,0
79,20,74,52,38,78,37,63,32,0
80,20,50,75,47,91,35,32,58,0
81,24,67,79,71,74,9,29,70,1
82,18,38,53,71,37,17,74,71,1
83,23,28,78,28,75,36,78,65,0
84,20,54,65,56,91,38,50,74,1
85,24,36,54,52,35,12,27,48,0
86,24,61,29,55,100,3,34,73,1
87,25,78,51,78,58,28,45,48,0
88,19,41,70,31,37,10,68,71,1
89,24,54,69,35,82,15,70,56,0
90,22,33,72,33,77,24,80,42,0
91,18,58,58,71,81,20,66,71,1
92,19,43,26,36,43,34,54,26,0
93,21,69,30,58,72,27,27,63,0
94,23,28,58,71,38,11,33,37,0
95,21,66,64,58,86,17,35,26,0
96,21,56,63,57,23,34,77,45,0
97,25,51,72,52,25,5,62,26,0
98,20,55,74,62,38,24,29,35,0
99,23,67,73,51,57,15,65,50,0
100,18,39,39,63,93,20,44,55,0
101,25,74,27,32,97,39,59,30,0
102,18,69,59,49,40,22,39,69,0
103,24,58,43,74,53,2,39,43,0
104,22,78,39,49,79,20,76,51,0
105,21,47,37,60,82,20,63,57,0
106,25,36,49,57,13,23,38,76,1
107,22,74,63,61,86,32,65,58,0
108,22,26,71,27,8,29,65,64,0
109,25,43,55,60,19,28,65,40,0
110,18,67,75,27,9,22,77,59,0
111,24,27,74,31,30,33,62,70,1
112,19,76,42,63,22,1,41,78,1
113,23,72,78,65,11,19,71,45,0
114,25,44,50,54,90,6,65,43,0
115,23,26,40,38,85,14,38,41,0
116,19,34,40,54,10,6,31,75,1
117,25,66,38,51,98,12,75,60,0
118,20,28,51,53,76,24,38,38,0
119,25,49,48,62,71,22,47,67,0
120,18,55,72,60,66,1,25,42,0
121,23,25,77,67,23,6,72,54,0
122,24,63,69,71,18,0,66,37,0
123,23,69,63,58,31,21,75,39,0
124,22,29,60,76,65,0,63,61,0
125,23,39,32,63,95,26,52,41,0
126,20,30,40,64,86,27,28,63,0
127,22,73,60,45,33,21,76,74,1
128,18,52,41,47,21,25,26,26,0
129,20,71,43,35,73,13,25,36,0
130,22,76,33,72,34,2,59,62,0
131,18,28,60,72,65,20,33,66,0
132,25,33,79,38,78,4,39,32,0
133,20,38,50,79,38,15,32,43,0
134,18,79,78,34,47,19,33,76,1
135,25,80,49,73,45,33,32,56,0
136,21,79,57,74,33,33,34,68,0
137,23,77,52,36,6,31,65,65,0
138,20,32,56,79,47,32,76,72,1
139,23,47,33,54,28,39,32,54,0
140,22,37,80,45,58,40,46,41,0
141,19,58,61,64,14,40,27,46,0
142,23,79,73,64,49,12,74,37,0
143,20,70,54,58,57,22,41,73,1
144,25,78,75,25,46,7,62,71,1
145,18,33,43,40,92,31,37,72,1
146,20,40,44,73,50,21,76,76,1
147,23,39,27,36,57,25,27,64,0
148,23,42,65,39,21,39,48,41,0
149,18,59,72,38,11,11,74,71,1
150,23,47,36,64,82,28,30,62,0
151,24,67,43,46,51,31,62,79,1
152,18,71,59,69,60,17,64,61,0
153,22,60,63,47,38,5,37,51,0
154,22,65,71,57,43,38,59,27,0
155,19,76,76,42,21,17,28,73,1
156,21,26,55,75,45,29,32,26,0
157,24,68,50,62,91,4,72,75,1
158,24,32,70,68,69,25,70,34,0
159,19,37,33,51,32,27,33,28,0
160,23,57,47,61,56,13,72,40,0
161,20,37,67,52,25,21,33,35,0
162,18,50,26,28,75,4,26,62,0
163,22,63,41,74,13,7,70,45,0
164,22,36,64,49,87,8,69,48,0
165,18,68,71,34,32,39,67,73,1
166,20,32,71,55,93,16,61,68,0
167,24,59,27,54,2,37,61,53,0
168,25,49,71,67,65,35,68,38,0
169,20,45,66,57,97,28,54,63,0
170,18,71,27,40,40,26,41,63,0
171,19,61,42,40,73,19,42,41,0
172,23,30,38,36,21,7,41,65,0
173,23,64,61,34,76,35,55,40,0
174,18,58,41,25,89,2,69,48,0
175,21,39,63,48,95,15,56,69,0
176,24,42,80,31,3,33,64,38,0
177,25,54,57,48,77,18,69,28,0
178,22,61,43,56,85,29,60,71,1
179,20,60,36,78,92,12,65,31,0
180,24,34,34,70,86,35,76,46,0
181,21,35,58,49,99,36,31,42,0
182,24,70,58,29,31,40,62,65,0
183,22,69,59,35,7,29,76,31,0
184,23,55,52,42,66,1,65,26,0
185,24,56,68,57,6,16,73,26,0
186,18,62,40,44,86,0,77,41,0
187,18,50,57,68,72,27,77,72,1
188,21,37,30,36,90,13,41,56,0
189,23,29,66,48,17,40,38,46,0
190,19,51,48,58,22,35,40,28,0
191,19,32,40,27,1,7,59,50,0
192,21,79,43,44,98,29,57,50,0
193,23,38,51,27,14,11,66,63,0
194,25,25,39,27,76,20,80,63,0
195,18,77,74,40,99,11,55,50,0
196,21,65,41,54,46,37,76,74,1
197,24,37,62,36,87,31,56,60,0
198,20,28,46,58,20,22,36,53,0
199,19,44,74,67,3,36,63,34,0
200,18,41,34,29,62,39,74,48,0
201,20,43,63,53,2,0,80,35,0
202,18,56,52,27,95,18,63,55,0
203,20,31,73,47,49,1,74,58,0
204,18,65,56,77,57,23,77,61,0
205,21,72,77,72,97,31,44,32,0
206,22,50,67,41,32,25,77,38,0
207,20,67,44,25,83,30,32,38,0
208,18,33,38,70,70,30,72,80,1
209,24,29,39,31,18,6,47,74,1
210,20,44,68,28,32,35,33,51,0
211,25,54,58,38,54,38,45,50,0
212,18,29,49,40,94,28,27,41,0
213,18,73,70,72,57,12,27,35,0
214,20,73,41,32,100,5,44,27,0
215,18,63,55,40,71,12,72,71,1
216,18,28,53,66,51,36,61,52,0
217,21,66,58,77,35,37,53,39,0
218,18,34,45,44,19,20,26,70,1
219,25,40,63,56,12,26,64,61,0
220,23,25,51,33,17,8,57,58,0
221,22,66,57,70,14,38,34,45,0
222,24,39,37,73,71,11,70,39,0
223,18,53,49,62,100,25,38,80,1
224,20,26,65,52,16,12,45,69,0
225,23,80,42,39,81,18,57,40,0
226,25,73,27,71,39,40,63,46,0
227,20,78,63,33,8,17,61,42,0
228,20,65,77,69,71,31,59,55,0
229,22,33,38,80,49,37,27,42,0
230,23,73,74,62,92,32,44,41,0
231,21,32,26,51,10,39,61,54,0
232,23,45,53,75,89,27,54,61,0
233,19,72,44,46,70,18,56,45,0
234,23,80,54,32,84,36,72,72,1
235,19,28,37,31,86,9,41,36,0
236,22,35,76,25,56,18,51,46,0
237,18,46,25,77,12,14,67,41,0
238,20,31,68,73,21,19,30,71,1
239,23,37,47,78,70,15,43,35,0
240,21,42,50,47,65,17,52,43,0
241,25,44,33,54,90,12,46,61,0
242,18,43,39,57,4,29,69,77,1
243,25,29,67,78,55,5,73,61,0
244,23,25,75,74,9,22,59,75,1
245,21,35,69,36,61,25,75,38,0
246,22,49,28,53,42,3,31,74,1
247,18,62,65,56,17,39,70,56,0
248,19,59,76,46,9,36,36,48,0
249,22,38,57,63,32,29,32,72,1
250,21,37,52,36,18,16,55,53,0
251,18,36,64,70,2,35,76,50,0
252,24,59,34,42,60,19,44,71,1
253,25,60,25,46,60,33,63,67,0
254,18,30,36,60,44,33,36,26,0
255,18,40,54,41,57,24,30,39,0
256,22,48,39,36,73,24,38,28,0
257,21,56,57,58,79,32,76,74,1
258,18,38,68,66,17,29,30,61,0
259,21,65,29,46,69,21,52,25,0
260,25,57,70,69,52,13,56,43,0
261,21,60,46,75,46,30,70,40,0
262,20,59,64,73,9,2,28,40,0
263,18,68,53,51,22,29,61,48,0
264,25,38,78,43,20,2,37,55,0
265,24,47,65,44,0,26,56,40,0
266,24,77,28,69,79,2,59,48,0
267,24,40,71,55,4,4,75,41,0
268,24,49,50,31,89,19,59,57,0
269,18,53,63,67,41,29,29,66,0
270,23,59,36,37,57,22,78,79,1
271,20,75,56,71,15,33,59,77,1
272,21,50,69,27,26,10,30,60,0
273,23,78,73,53,68,10,27,79,1
274,18,43,26,26,55,7,25,59,0
275,25,33,25,34,43,36,29,73,1
276,22,64,72,37,20,22,33,25,0
277,22,79,53,73,59,22,32,39,0
278,21,60,63,60,87,9,39,64,0
279,21,53,26,38,52,15,55,44,0
280,19,78,71,38,56,11,72,28,0
281,21,41,59,37,5,25,26,42,0
282,24,71,46,77,71,20,39,26,0
283,23,75,72,58,2,27,37,63,0
284,24,59,80,72,2,17,30,79,1
285,22,38,65,75,82,37,56,65,0
286,25,53,61,50,42,25,62,40,0
287,25,75,30,65,14,33,74,27,0
288,24,40,58,70,48,8,63,66,0
289,24,43,57,78,75,18,68,29,0
290,22,65,54,45,52,29,49,79,1
291,20,76,36,35,39,26,60,52,0
292,20,38,50,28,32,25,63,50,0
293,18,36,68,41,84,27,70,65,0
294,25,56,54,36,18,7,43,49,0
295,19,70,43,54,34,23,38,66,0
296,22,56,56,38,100,22,71,62,0
297,20,38,26,46,85,22,57,45,0
298,23,35,51,41,65,19,27,34,0
299,19,35,64,27,6,9,45,39,0
300,23,78,30,79,1,3,26,55,0
301,23,73,80,52,10,38,74,60,0
302,20,44,43,63,73,32,46,41,0
303,25,37,73,60,82,5,55,77,1
304,20,70,30,36,45,5,76,26,0
305,23,25,51,29,44,14,28,74,1
306,24,37,68,74,10,29,60,64,0
307,25,72,76,41,57,29,52,34,0
308,20,66,57,67,7,9,46,44,0
309,23,39,26,69,88,6,76,69,0
310,18,64,44,43,39,36,68,55,0
311,22,43,50,33,97,25,75,56,0
312,20,59,65,41,15,18,62,67,0
313,23,33,40,79,65,31,34,64,0
314,21,58,26,66,63,28,25,69,0
315,22,48,40,45,98,9,64,27,0
316,21,26,50,54,81,5,77,43,0
317,20,42,63,69,21,38,36,37,0
318,24,60,67,69,12,8,45,41,0
319,24,79,56,53,14,14,36,74,1
320,20,68,46,53,66,26,57,66,0
321,25,67,78,27,0,30,31,78,1
322,19,50,33,54,95,11,44,80,1
323,25,35,72,73,18,35,28,38,0
324,20,70,60,38,92,30,55,49,0
325,18,27,67,73,45,15,48,45,0
326,24,73,69,73,59,28,44,35,0
327,23,33,58,34,92,6,72,46,0
328,25,56,43,69,54,8,34,51,0
329,23,44,39,69,51,15,61,66,0
330,18,33,48,41,41,14,37,34,0
331,18,80,71,28,29,21,41,30,0
332,22,48,73,80,49,20,39,28,0
333,22,69,48,76,15,38,54,36,0
334,24,27,79,50,27,17,55,74,1
335,25,58,74,73,31,33,70,65,0
336,23,60,29,48,76,40,37,58,0
337,21,33,57,50,66,37,67,63,0
338,25,26,50,29,25,19,49,45,0
339,20,59,76,71,21,23,33,65,0
340,20,67,70,49,4,13,62,78,1
341,23,50,46,59,78,13,49,34,0
342,25,45,67,70,55,23,38,67,0
343,23,32,65,30,11,24,28,64,0
344,19,44,56,37,80,16,61,49,0
345,23,74,31,50,49,26,58,75,1
346,21,61,28,38,19,26,78,52,0
347,25,46,58,69,1,13,68,53,0
348,20,77,47,49,60,1,79,38,0
349,20,57,37,45,55,5,70,59,0
350,22,26,33,56,91,10,45,25,0
351,20,29,32,57,2,32,56,43,0
352,22,50,49,53,17,2,73,48,0
353,21,70,49,44,8,1,58,55,0
354,20,68,48,42,12,35,71,54,0
355,23,80,37,72,18,37,52,29,0
356,23,78,61,37,97,28,68,51,0
357,20,51,39,40,22,17,78,35,0
358,18,66,61,68,59,37,30,33,0
359,24,43,36,31,52,9,67,65,0
360,18,27,56,59,68,34,34,40,0
361,25,66,60,33,34,14,60,73,1
362,20,50,58,76,11,7,51,32,0
363,25,77,65,35,9,26,79,37,0
364,25,36,47,37,86,14,47,74,1
365,19,39,47,71,59,35,51,80,1
366,21,62,33,26,69,38,57,76,1
367,21,77,27,53,68,23,54,28,0
368,24,26,68,42,57,3,55,68,0
369,25,65,70,25,11,20,56,60,0
370,24,36,28,67,64,15,30,69,0
371,23,50,73,70,71,34,42,55,0
372,22,33,80,79,37,35,62,27,0
373,21,38,46,43,27,30,61,46,0
374,23,39,69,39,2,32,65,75,1
375,23,38,26,65,63,39,73,50,0
376,20,59,77,39,38,30,72,28,0
377,22,70,30,46,20,28,70,41,0
378,19,74,59,73,78,13,41,72,1
379,18,68,77,48,37,8,60,27,0
380,18,32,69,54,69,24,30,75,1
381,23,40,70,50,81,34,56,72,1
382,20,47,55,28,80,37,66,33,0
383,20,50,35,43,28,25,43,32,0
384,25,48,59,60,95,36,78,38,0
385,22,47,57,26,88,25,34,40,0
386,18,78,48,43,1,39,49,67,0
387,21,70,43,58,18,12,76,41,0
388,20,46,58,37,66,23,52,48,0
389,25,56,53,30,53,1,67,41,0
390,22,33,67,26,7,2,73,65,0
391,22,58,51,69,56,35,79,69,0
392,23,27,77,76,55,24,53,45,0
393,19,47,30,52,5,30,79,27,0
394,22,33,57,34,27,7,26,34,0
395,22,51,59,36,57,13,77,66,0
396,19,69,58,71,51,11,52,48,0
397,25,57,70,69,57,26,62,51,0
398,25,26,30,74,44,6,47,52,0
399,23,73,42,59,85,6,42,36,0
400,18,37,75,77,98,32,58,61,0
401,25,80,27,71,76,17,42,33,0
402,20,64,59,26,44,17,30,59,0
403,24,72,63,60,11,16,54,67,0
404,22,80,36,36,64,17,74,57,0
405,24,71,60,75,55,14,60,34,0
406,20,60,53,42,76,13,44,45,0
407,23,29,80,48,69,10,50,50,0
408,23,65,35,61,18,13,77,62,0
409,21,49,58,26,65,6,69,64,0
410,19,55,35,56,39,30,60,75,1
411,25,44,54,77,49,0,43,26,0
412,19,75,37,72,96,20,49,55,0
413,21,39,56,34,86,19,46,41,0
414,23,38,51,69,38,9,57,68,0
415,19,54,26,78,14,18,67,54,0
416,24,63,37,50,68,6,68,71,1
417,21,45,50,36,53,3,69,73,1
418,23,61,27,40,86,5,34,48,0
419,19,34,38,64,41,10,65,48,0
420,19,54,54,62,66,6,44,76,1
421,24,30,49,35,35,40,40,32,0
422,22,74,52,68,13,20,78,31,0
423,19,53,43,65,81,14,50,60,0
424,24,44,40,78,95,7,78,46,0
425,25,64,47,53,9,1,30,70,1
426,23,74,42,57,9,12,50,44,0
427,24,49,72,27,18,0,35,68,0
428,21,79,54,35,84,40,80,41,0
429,19,58,65,59,69,23,34,36,0
430,18,77,38,38,1,22,35,38,0
431,20,54,73,55,42,19,66,40,0
432,22,79,55,77,9,1,46,60,0
433,19,42,31,33,43,37,56,78,1
434,22,53,30,40,21,35,80,60,0
435,22,74,41,69,14,5,27,30,0
436,24,60,57,57,80,33,28,69,0
437,21,53,77,39,36,23,77,65,0
438,18,55,72,30,46,1,30,66,0
439,25,29,27,59,36,34,70,52,0
440,18,32,62,46,4,19,78,65,0
441,23,50,70,41,15,34,35,58,0
442,20,40,51,27,73,3,76,51,0
443,21,52,55,61,82,20,37,32,0
444,18,31,33,47,29,6,78,68,0
445,23,63,80,50,86,16,30,40,0
446,23,39,31,27,11,8,25,25,0
447,23,65,71,60,92,5,35,49,0
448,20,25,65,36,12,18,39,62,0
449,23,43,51,54,76,29,36,48,0
450,18,45,65,68,13,39,64,41,0
451,20,71,27,57,76,2,40,25,0
452,20,30,60,39,74,5,47,42,0
453,19,54,53,39,23,21,51,47,0
454,24,60,73,77,1,2,65,72,1
455,25,51,38,66,90,15,63,61,0
456,22,44,57,74,13,3,26,45,0
457,19,30,44,36,14,18,45,28,0
458,18,59,57,69,67,32,35,46,0
459,21,48,50,67,63,9,40,40,0
460,19,53,32,33,7,29,77,35,0
461,20,72,79,35,38,28,35,77,1
462,25,44,55,46,78,1,63,79,1
463,18,70,26,34,10,15,33,33,0
464,25,62,69,54,48,22,39,26,0
465,18,28,74,55,14,40,52,46,0
466,22,44,46,73,52,35,35,35,0
467,20,47,49,74,95,30,39,52,0
468,21,29,39,49,12,25,44,66,0
469,22,49,55,72,58,14,27,65,0
470,24,42,51,60,13,39,55,44,0
471,24,30,25,58,51,38,58,38,0
472,19,35,57,61,55,3,65,45,0
473,25,64,80,26,88,19,67,32,0
474,25,70,67,79,96,8,65,26,0
475,19,62,32,25,18,19,50,40,0
476,19,34,74,59,38,16,50,72,1
477,22,65,37,52,42,31,61,70,1
478,23,35,75,50,31,32,63,73,1
479,24,64,63,58,78,31,33,45,0
480,21,63,76,64,95,34,61,65,0
481,23,45,69,69,84,36,55,79,1
482,21,70,68,33,77,21,66,49,0
483,21,53,55,39,81,17,54,43,0
484,24,57,49,41,25,40,39,76,1
485,18,79,48,28,58,35,80,33,0
486,23,60,38,50,54,10,72,78,1
487,25,63,75,74,26,4,48,51,0
488,19,48,56,65,60,27,50,72,1
489,18,28,65,27,42,39,73,52,0
490,24,74,48,78,16,29,60,46,0
491,23,42,78,28,61,14,33,58,0
492,24,39,42,42,55,1,35,50,0
493,19,76,29,46,4,8,40,75,1
494,19,50,39,29,76,22,42,50,0
495,19,29,73,32,97,22,55,56,0
496,20,37,68,31,74,37,46,71,1
497,24,71,47,50,77,16,36,73,1
498,18,51,47,72,0,37,73,55,0
499,19,55,61,71,93,2,54,55,0
500,19,36,64,41,51,3,57,36,0
501,25,76,47,28,17,24,40,43,0
502,25,65,29,71,76,2,48,39,0
503,22,50,74,50,26,35,47,67,0
504,18,50,79,55,64,31,49,70,1
505,19,62,34,36,99,37,78,69,0
506,20,44,58,49,58,7,51,54,0
507,19,64,47,37,40,0,31,41,0
508,21,36,76,69,14,37,46,64,0
509,19,71,61,63,37,26,63,46,0
510,25,71,29,57,5,35,44,73,1
511,24,65,74,58,48,33,57,61,0
512,20,64,27,76,42,3,69,48,0
513,24,66,37,70,43,17,34,67,0
514,18,34,40,38,92,40,65,76,1
515,21,65,47,48,97,20,47,55,0
516,20,57,54,30,3,28,70,46,0
517,23,49,55,44,71,23,56,58,0
518,23,76,70,80,13,32,36,43,0
519,24,75,40,38,52,12,61,45,0
520,24,56,29,29,34,7,62,26,0
521,25,80,42,67,93,30,51,65,0
522,23,49,47,61,88,31,33,51,0
523,18,42,75,49,97,20,37,77,1
524,19,38,28,39,8,30,51,47,0
525,25,70,42,63,83,2,69,78,1
526,24,35,28,44,10,8,69,30,0
527,23,55,34,33,67,21,68,31,0
528,18,41,36,40,35,27,74,70,1
529,21,57,72,32,45,22,79,44,0
530,24,25,59,27,82,40,33,28,0
531,19,29,69,69,86,25,46,34,0
532,19,80,51,59,93,15,69,63,0
533,25,52,60,33,97,5,53,74,1
534,21,53,38,35,39,30,56,33,0
535,23,42,73,67,5,11,80,27,0
536,21,41,56,30,80,2,62,39,0
537,22,78,39,46,10,0,67,29,0
538,20,55,38,39,67,38,63,44,0
539,25,80,61,73,72,30,70,50,0
540,20,71,64,31,27,5,45,26,0
541,20,71,66,64,54,25,51,76,1
542,25,29,37,70,22,38,58,62,0
543,18,49,26,46,0,20,41,47,0
544,24,40,70,78,3,39,45,31,0
545,23,73,72,40,33,19,43,62,0
546,20,39,33,42,65,11,55,27,0
547,19,33,70,71,50,14,79,40,0
548,25,66,68,36,4,37,49,70,1
549,18,70,76,38,10,2,33,49,0
550,19,47,52,47,58,1,58,77,1
551,21,29,34,27,58,8,79,37,0
552,20,26,77,41,19,31,34,75,1
553,18,54,28,38,69,5,65,80,1
554,18,32,54,30,44,27,26,70,1
555,21,76,26,59,97,19,64,38,0
556,19,48,66,69,34,9,31,25,0
557,19,72,60,28,87,17,50,71,1
558,21,27,46,76,45,9,41,49,0
559,21,70,51,39,40,15,25,25,0
560,24,55,68,51,73,29,35,65,0
561,18,71,38,26,97,25,43,40,0
562,18,49,30,35,71,25,70,30,0
563,19,29,29,73,6,28,37,71,1
564,23,60,36,37,94,22,38,68,0
565,21,78,65,46,10,39,64,60,0
566,20,36,44,39,45,38,48,56,0
567,23,62,59,63,20,31,25,62,0
568,19,26,29,33,12,24,63,35,0
569,23,53,58,41,41,3,40,65,0
570,23,65,53,43,50,18,28,42,0
571,24,71,60,25,45,34,44,38,0
572,20,43,62,55,27,15,52,38,0
573,18,61,58,53,47,35,36,25,0
574,24,42,65,53,8,0,50,51,0
575,24,48,69,35,91,20,54,69,0
576,23,66,25,26,51,16,55,25,0
577,21,37,47,34,71,36,57,77,1
578,22,40,73,51,69,4,28,55,0
579,19,55,52,62,20,3,48,54,0
580,21,70,38,40,90,10,44,46,0
581,20,44,65,35,59,27,26,56,0
582,23,66,69,37,15,22,26,79,1
583,18,31,44,65,5,27,55,75,1
584,19,50,34,64,79,12,80,73,1
585,23,78,76,72,26,5,52,28,0
586,24,25,42,74,30,20,50,52,0
587,20,69,58,33,7,10,40,27,0
588,18,34,58,76,81,35,70,72,1
589,25,28,60,63,13,15,57,36,0
590,18,77,71,36,65,23,53,77,1
591,21,77,80,49,59,39,27,66,0
592,21,36,80,72,64,7,51,28,0
593,18,43,70,72,8,4,55,42,0
594,25,67,74,48,93,13,34,80,1
595,19,49,69,40,9,35,53,46,0
596,19,52,78,31,88,10,71,40,0
597,20,76,46,26,11,7,59,40,0
598,18,77,51,46,5,6,42,67,0
599,23,59,68,30,64,19,74,40,0
600,24,41,47,27,13,14,64,71,1
601,21,30,78,55,8,11,63,49,0
602,21,65,78,66,11,38,32,31,0
603,20,63,65,31,6,28,77,49,0
604,21,27,51,61,5,15,49,29,0
605,21,51,67,68,38,40,72,51,0
606,25,71,56,31,81,5,69,54,0
607,24,48,54,41,6,9,56,56,0
608,23,77,78,36,83,13,53,64,0
609,20,36,44,42,87,23,36,63,0
610,19,36,33,76,65,7,40,46,0
611,23,36,72,70,49,11,45,61,0
612,19,68,71,25,25,0,62,72,1
613,23,42,29,51,94,34,31,80,1
614,20,28,77,55,5,7,79,55,0
615,21,42,32,55,80,26,62,40,0
616,25,65,30,34,57,35,50,70,1
617,19,54,65,32,67,0,42,76,1
618,25,51,74,27,46,14,47,58,0
619,24,58,48,31,80,37,63,37,0
620,18,67,62,68,20,4,68,37,0
621,19,80,72,58,16,38,28,44,0
622,19,74,41,29,60,22,42,42,0
623,24,72,77,26,28,27,28,76,1
624,25,56,44,75,21,5,39,63,0
625,19,54,71,63,5,30,66,29,0
626,22,37,57,56,6,33,75,80,1
627,19,71,73,28,87,3,46,36,0
628,25,63,33,52,31,37,29,74,1
629,21,71,71,66,39,6,36,60,0
630,22,79,57,56,34,37,29,33,0
631,24,49,73,72,84,40,64,76,1
632,25,50,55,29,98,14,48,42,0
633,23,32,78,66,25,39,28,60,0
634,19,62,48,34,42,8,75,28,0
635,22,49,34,29,90,30,42,46,0
636,22,37,80,69,40,34,31,80,1
637,18,30,30,69,18,19,37,34,0
638,20,34,74,41,9,30,63,46,0
639,21,64,78,63,83,13,34,44,0
640,23,47,64,40,47,21,49,61,0
641,23,51,66,26,18,19,27,69,0
642,20,48,54,69,40,9,48,49,0
643,18,33,63,58,89,39,68,41,0
644,24,74,72,29,46,13,55,57,0
645,20,53,79,37,93,39,52,76,1
646,24,56,49,43,87,30,25,53,0
647,23,47,67,27,16,3,41,50,0
648,18,31,47,39,5,40,71,57,0
649,22,51,49,58,39,26,44,69,0
650,23,61,74,70,79,19,35,42,0
651,24,36,61,44,27,6,32,56,0
652,25,27,42,61,4,19,71,62,0
653,24,76,44,78,97,37,79,43,0
654,19,53,28,36,73,31,53,40,0
655,21,40,48,29,88,19,59,45,0
656,21,30,27,56,28,40,59,42,0
657,24,28,50,26,4,25,75,51,0
658,24,53,76,72,9,17,79,70,1
659,21,36,27,71,67,15,26,29,0
660,21,42,63,62,12,17,55,54,0
661,22,67,29,71,61,17,65,36,0
662,21,65,64,26,43,28,50,60,0
663,21,64,75,27,78,4,43,37,0
664,20,78,39,78,30,7,28,64,0
665,24,40,55,63,38,19,30,57,0
666,23,54,49,55,56,18,31,80,1
667,19,67,58,57,84,28,49,29,0
668,18,76,75,78,45,1,74,51,0
669,23,70,48,26,42,20,66,68,0
670,23,53,68,25,42,40,54,37,0
671,25,53,53,26,77,3,68,37,0
672,19,79,37,41,10,39,59,52,0
673,18,30,34,79,100,22,25,27,0
674,22,25,62,59,84,26,30,59,0
675,25,45,72,55,3,5,70,70,1
676,18,38,79,38,53,0,36,56,0
677,18,27,68,50,23,28,49,36,0
678,18,74,29,40,84,33,26,62,0
679,23,33,31,63,75,2,39,78,1
680,23,54,53,40,63,3,79,66,0
681,23,55,78,53,1,30,38,41,0
682,21,47,44,73,5,34,74,53,0
683,25,37,33,37,32,31,72,69,0
684,22,32,60,70,14,29,56,58,0
685,25,72,63,29,27,5,58,55,0
686,21,50,77,50,16,14,48,33,0
687,18,46,42,51,98,6,26,73,1
688,23,76,40,40,49,32,80,76,1
689,18,51,50,72,19,16,55,63,0
690,23,49,59,46,0,10,54,34,0
691,21,71,67,59,28,12,80,33,0
692,22,29,77,62,10,18,74,61,0
693,25,59,67,56,46,35,56,30,0
694,20,74,47,79,63,35,48,48,0
695,20,33,28,45,47,0,63,28,0
696,19,54,45,59,0,10,77,72,1
697,20,44,62,44,42,21,38,56,0
698,25,66,72,38,58,36,35,26,0
699,18,32,35,51,38,38,30,26,0
700,19,45,31,48,25,2,72,55,0
701,25,36,62,74,44,10,30,77,1
702,19,52,79,67,24,22,74,74,1
703,25,28,48,76,78,15,49,51,0
704,21,70,55,78,1,9,30,79,1
705,19,38,57,69,85,24,55,37,0
706,21,62,70,77,0,23,69,76,1
707,23,29,46,35,80,19,41,67,0
708,23,60,49,67,47,33,53,34,0
709,21,80,61,40,73,8,67,44,0
710,18,45,48,38,71,26,69,61,0
711,21,63,60,44,83,31,60,76,1
712,19,76,25,48,12,2,56,28,0
713,21,35,60,55,72,23,65,68,0
714,21,26,78,30,89,29,32,30,0
715,22,53,61,27,29,0,71,28,0
716,25,79,71,57,72,19,47,25,0
717,20,67,35,28,23,22,54,49,0
718,18,53,50,63,9,1,74,80,1
719,25,63,64,59,84,20,26,38,0
720,23,76,44,73,43,34,72,74,1
721,23,30,42,55,35,2,59,45,0
722,22,51,57,36,11,1,47,68,0
723,19,44,45,48,20,1,29,73,1
724,25,40,67,80,78,34,47,58,0
725,20,58,31,38,86,1,70,77,1
726,23,51,63,80,60,8,72,51,0
727,20,56,25,56,46,28,42,25,0
728,22,64,47,33,31,17,41,45,0
729,23,47,69,43,82,1,47,78,1
730,18,55,70,37,82,37,61,63,0
731,25,73,71,38,48,12,62,74,1
732,23,37,55,51,69,33,80,71,1
733,25,34,80,67,88,0,80,39,0
734,24,37,68,60,38,24,63,37,0
735,21,30,35,69,90,14,70,28,0
736,21,67,63,28,75,19,78,72,1
737,22,43,36,80,28,36,63,52,0
738,18,28,68,57,73,18,74,59,0
739,18,67,51,45,84,6,26,58,0
740,24,63,67,74,38,24,74,30,0
741,23,37,38,75,59,19,70,77,1
742,20,36,69,63,61,9,70,63,0
743,23,36,39,35,70,23,43,74,1
744,19,69,64,58,69,25,33,77,1
745,22,76,45,78,85,18,37,79,1
746,18,34,65,32,57,34,45,32,0
747,23,63,63,51,9,4,65,38,0
748,24,71,60,40,54,22,62,79,1
749,25,66,53,57,69,30,34,47,0
750,18,30,42,67,58,38,70,29,0
751,21,67,74,31,30,18,54,29,0
752,21,45,70,57,47,35,33,75,1
753,23,51,46,76,5,13,46,75,1
754,18,64,65,37,41,24,66,47,0
755,20,70,33,56,55,27,65,63,0
756,19,31,54,63,50,17,51,44,0
757,24,63,45,55,1,9,63,74,1
758,22,62,64,73,38,37,54,32,0
759,18,58,70,51,62,35,48,31,0
760,20,50,46,56,43,38,39,27,0
761,19,35,48,50,51,9,49,29,0
762,23,60,62,35,53,36,40,73,1
763,24,60,64,28,25,30,33,49,0
764,22,53,70,57,33,15,75,38,0
765,22,43,36,27,46,12,37,27,0
766,24,72,34,58,42,5,49,28,0
767,23,42,59,44,22,27,77,67,0
768,20,27,79,40,4,36,53,73,1
769,24,41,69,30,49,21,26,65,0
770,18,55,33,44,8,14,55,62,0
771,21,65,48,58,51,38,58,62,0
772,18,68,74,68,23,40,68,45,0
773,25,39,46,25,89,0,42,39,0
774,19,44,31,71,34,26,62,25,0
775,20,53,36,31,61,31,63,58,0
776,20,43,59,71,46,12,43,59,0
777,21,67,58,41,3,1,73,27,0
778,19,41,27,33,68,29,80,73,1
779,24,54,45,54,70,14,75,70,1
780,23,75,42,76,62,32,27,73,1
781,18,47,25,74,82,27,45,65,0
782,20,52,35,64,7,2,68,79,1
783,22,51,69,53,21,13,76,54,0
784,18,68,53,28,0,22,47,44,0
785,18,26,43,51,52,1,67,43,0
786,24,69,79,34,25,37,73,75,1
787,24,27,52,47,0,8,61,45,0
788,24,34,69,41,28,1,35,77,1
789,25,38,65,53,68,6,53,54,0
790,21,47,44,30,72,39,50,75,1
791,25,37,65,27,51,2,28,57,0
792,19,73,62,51,60,17,55,65,0
793,21,39,80,47,72,19,47,31,0
794,22,60,41,43,28,33,64,60,0
795,20,76,48,70,99,28,47,51,0
796,22,72,43,26,95,29,35,25,0
797,25,35,70,26,6,26,26,32,0
798,18,70,80,73,6,34,80,25,0
799,21,48,36,59,74,5,68,55,0
800,24,60,56,45,56,34,61,70,1
801,18,51,61,65,73,7,67,53,0
802,21,33,58,53,87,37,64,29,0
803,21,31,56,28,100,29,74,55,0
804,19,32,55,34,69,10,60,57,0
805,24,63,76,48,17,20,53,54,0
806,24,36,79,78,23,34,57,30,0
807,18,60,42,72,55,28,77,48,0
808,21,40,54,52,14,8,37,38,0
809,22,45,71,67,41,14,32,55,0
810,21,25,69,57,16,26,43,60,0
811,24,61,38,65,67,1,43,55,0
812,24,30,66,52,1,20,51,47,0
813,19,64,72,48,63,2,47,55,0
814,18,60,67,74,81,10,63,61,0
815,19,59,36,42,78,27,29,56,0
816,21,64,46,72,82,36,78,36,0
817,22,58,72,74,16,28,28,50,0
818,25,42,25,72,35,6,61,70,1
819,21,53,64,51,92,24,55,59,0
820,22,63,50,53,50,34,46,51,0
821,20,40,49,31,40,17,74,65,0
822,20,37,31,77,2,31,45,32,0
823,21,45,29,59,20,8,26,54,0
824,18,53,31,31,26,27,54,38,0
825,24,78,48,27,97,7,58,47,0
826,22,39,52,39,43,19,75,62,0
827,18,60,51,28,76,6,25,74,1
828,22,51,39,52,44,22,28,69,0
829,19,76,31,39,26,3,40,32,0
830,20,52,29,51,85,20,77,75,1
831,18,56,80,59,67,18,79,25,0
832,20,68,45,32,5,22,57,78,1
833,22,72,76,28,15,31,34,41,0
834,20,57,76,37,89,31,63,42,0
835,22,73,29,54,4,4,51,29,0
836,18,58,48,63,20,14,56,46,0
837,22,29,38,34,19,9,70,52,0
838,22,57,36,58,23,14,30,74,1
839,24,46,40,69,85,1,71,26,0
840,18,41,64,48,41,7,68,59,0
841,21,42,30,48,15,18,32,69,0
842,19,76,74,33,95,7,45,50,0
843,24,35,40,44,42,25,76,41,0
844,20,75,47,78,95,16,47,25,0
845,18,33,48,41,56,34,56,37,0
846,25,78,67,66,46,32,73,31,0
847,20,69,69,55,72,17,73,44,0
848,20,55,51,37,73,26,57,43,0
849,18,36,38,70,63,37,78,32,0
850,20,70,61,47,36,9,29,44,0
851,18,78,68,30,81,25,35,46,0
852,24,71,56,65,93,0,48,37,0
853,18,55,80,39,85,5,28,55,0
854,19,66,77,57,69,1,55,33,0
855,21,59,63,80,70,17,74,44,0
856,22,75,50,65,41,20,58,58,0
857,20,38,35,67,27,0,72,57,0
858,21,65,59,54,11,33,53,76,1
859,21,65,76,29,31,40,26,76,1
860,23,80,54,73,27,40,62,45,0
861,21,62,77,31,50,22,31,73,1
862,19,76,40,69,72,39,59,28,0
863,22,69,63,77,14,33,34,52,0
864,24,50,49,62,5,21,31,27,0
865,21,45,63,54,17,26,42,39,0
866,21,37,79,49,14,0,69,49,0
867,23,67,54,67,21,1,50,68,0
868,23,50,59,52,29,40,59,32,0
869,22,71,33,29,3,1,38,25,0
870,25,78,76,40,29,3,76,73,1
871,25,68,76,68,26,25,46,27,0
872,24,65,34,51,67,33,57,75,1
873,20,32,76,49,45,32,25,67,0
874,18,50,53,26,33,13,36,65,0
875,25,28,66,58,53,13,47,77,1
876,18,34,35,74,69,40,45,71,1
877,23,63,72,80,97,27,76,79,1
878,24,26,38,73,99,30,25,53,0
879,23,43,29,53,95,16,40,64,0
880,24,75,77,28,22,23,58,37,0
881,25,37,73,41,67,27,47,62,0
882,23,62,79,77,72,8,67,57,0
883,21,53,58,59,75,17,59,59,0
884,23,59,47,25,12,12,63,61,0
885,25,73,72,25,37,40,60,31,0
886,18,76,55,38,2,1,26,65,0
887,23,44,28,71,87,13,53,39,0
888,21,69,52,80,31,33,34,55,0
889,20,50,53,51,10,2,78,72,1
890,21,78,70,33,27,39,39,35,0
891,24,53,48,32,68,33,56,56,0
892,19,29,55,54,28,26,30,58,0
893,20,44,76,54,59,34,35,55,0
894,22,50,75,39,41,7,30,77,1
895,19,56,69,58,4,38,37,37,0
896,24,78,36,32,61,33,32,39,0
897,25,36,63,70,4,30,37,55,0
898,21,76,54,60,47,6,79,54,0
899,18,25,51,27,98,28,31,52,0
900,22,50,45,28,19,24,43,50,0
901,24,43,41,36,15,3,57,78,1
902,25,55,65,33,56,40,68,67,0
903,19,44,77,38,59,21,35,50,0
904,20,71,29,45,10,40,38,70,1
905,19,47,42,64,94,24,39,80,1
906,23,45,54,77,11,10,43,67,0
907,25,27,54,35,58,23,70,29,0
908,25,80,44,53,23,18,60,60,0
909,18,71,43,75,71,17,25,68,0
910,21,35,50,37,58,12,62,42,0
911,19,80,25,74,70,39,72,45,0
912,21,67,38,64,46,17,55,45,0
913,25,27,49,66,93,36,45,78,1
914,21,38,48,39,49,8,73,28,0
915,20,27,31,66,57,26,47,32,0
916,24,61,68,62,82,35,50,37,0
917,21,73,31,55,2,14,46,76,1
918,25,70,50,69,92,18,64,64,0
919,21,29,79,38,73,8,36,30,0
920,24,44,35,67,61,16,42,74,1
921,19,72,70,41,72,7,65,26,0
922,20,53,70,33,96,7,37,66,0
923,21,72,57,77,55,5,75,60,0
924,18,38,63,33,14,9,73,53,0
925,25,57,64,59,86,37,46,41,0
926,25,29,38,63,34,17,47,38,0
927,25,74,40,69,50,17,28,62,0
928,24,67,60,77,100,19,67,36,0
929,24,65,41,76,63,33,44,60,0
930,22,68,35,60,25,20,80,32,0
931,24,39,44,59,17,24,44,65,0
932,23,45,66,42,68,39,49,60,0
933,22,67,80,31,50,18,45,49,0
934,22,43,32,31,5,28,44,26,0
935,24,71,66,64,54,23,35,58,0
936,20,64,46,47,12,1,33,50,0
937,20,59,33,36,67,15,47,46,0
938,25,63,50,79,12,32,44,38,0
939,21,46,62,76,84,28,73,47,0
940,22,50,75,31,67,26,60,52,0
941,20,68,55,63,52,19,61,75,1
942,25,58,32,61,80,25,27,80,1
943,25,61,40,74,27,16,75,72,1
944,22,39,44,77,54,15,25,63,0
945,19,57,43,30,90,23,66,77,1
946,21,46,51,29,85,10,28,44,0
947,20,60,30,74,81,15,47,62,0
948,23,74,75,42,63,9,50,33,0
949,20,68,42,48,92,11,62,39,0
950,21,57,25,67,20,4,35,58,0
951,24,40,76,43,19,14,36,37,0
952,22,44,34,32,44,18,72,80,1
953,21,60,36,70,95,19,61,57,0
954,20,29,32,65,91,23,73,78,1
955,23,31,40,34,2,5,74,61,0
956,22,61,34,40,3,22,41,68,0
957,18,70,39,63,37,9,35,36,0
958,21,42,39,34,65,35,54,56,0
959,20,51,60,38,56,38,45,61,0
960,25,63,35,37,47,29,25,61,0
961,18,31,43,32,33,0,40,40,0
962,25,34,28,40,44,33,68,80,1
963,23,41,56,47,12,5,66,58,0
964,21,70,61,63,100,34,42,50,0
965,22,29,37,45,96,8,36,38,0
966,24,62,74,56,84,18,45,59,0
967,18,63,45,46,15,30,47,66,0
968,20,27,48,58,40,23,63,46,0
969,20,53,66,58,90,22,54,79,1
970,21,48,54,78,21,17,52,65,0
971,18,78,73,43,53,33,68,73,1
972,23,25,53,79,36,35,69,59,0
973,19,45,68,46,9,27,74,71,1
974,23,29,71,42,72,8,53,75,1
975,18,53,29,28,75,11,64,76,1
976,21,49,75,55,43,6,37,47,0
977,25,27,52,72,47,26,37,62,0
978,24,52,64,47,85,17,61,39,0
979,24,45,65,47,46,13,70,74,1
980,19,61,70,66,79,7,67,69,0
981,18,28,59,60,85,7,37,75,1
982,21,55,70,31,80,27,27,31,0
983,25,78,28,52,83,11,28,62,0
984,21,43,34,63,69,20,47,80,1
985,21,45,52,41,11,34,73,67,0
986,24,34,74,42,93,32,77,42,0
987,18,41,27,57,8,28,44,75,1
988,25,59,63,58,99,26,28,70,1
989,22,33,67,72,48,31,69,29,0
990,22,38,39,34,100,28,53,68,0
991,22,55,39,62,93,25,36,49,0
992,18,80,54,27,100,38,66,78,1
993,22,37,48,51,21,5,59,62,0
994,20,28,78,33,9,39,47,77,1
995,20,68,75,40,23,38,32,46,0
996,19,27,61,50,22,22,31,78,1
997,24,67,37,32,16,33,26,53,0
998,24,76,29,59,50,37,73,64,0
999,18,43,71,34,18,34,59,32,0
1000,20,39,51,79,49,33,69,79,1
